"Classe d’âges","Sexe","Population au 1er janvier","Population au 1er janvier"
"100+ ans","Hommes",574,574
"100+ ans","Femmes",2707,2707
"95 - 99 jaar","Hommes",6893,6893
"95 - 99 jaar","Femmes",21207,21207
"90 - 94 jaar","Hommes",34732,34732
"90 - 94 jaar","Femmes",72130,72130
"85 - 89 jaar","Hommes",83718,83718
"85 - 89 jaar","Femmes",135362,135362
"80 - 84 jaar","Hommes",135998,135998
"80 - 84 jaar","Femmes",181781,181781
"75 - 79 jaar","Hommes",227542,227542
"75 - 79 jaar","Femmes",270156,270156
"70 - 74 jaar","Hommes",276823,276823
"70 - 74 jaar","Femmes",307682,307682
"65 - 69 jaar","Hommes",339066,339066
"65 - 69 jaar","Femmes",356578,356578
"60 - 64 jaar","Hommes",388493,388493
"60 - 64 jaar","Femmes",391259,391259
"55 - 59 jaar","Femmes",384857,384857
"55 - 59 jaar","Hommes",391019,391019
"50 - 54 jaar","Femmes",375057,375057
"50 - 54 jaar","Hommes",380069,380069
"45 - 49 jaar","Femmes",381400,381400
"45 - 49 jaar","Hommes",381488,381488
"40 - 44 jaar","Hommes",381464,381464
"40 - 44 jaar","Femmes",385451,385451
"35 - 39 jaar","Hommes",390489,390489
"35 - 39 jaar","Femmes",394841,394841
"30 - 34 jaar","Femmes",385489,385489
"30 - 34 jaar","Hommes",385627,385627
"25 - 29 jaar","Femmes",365394,365394
"25 - 29 jaar","Hommes",368005,368005
"20-24 ans","Femmes",341277,341277
"20-24 ans","Hommes",354032,354032
"15-19 ans","Femmes",346371,346371
"15-19 ans","Hommes",365144,365144
"10-14 ans","Femmes",332651,332651
"10-14 ans","Hommes",348767,348767
"5-9 ans","Femmes",306318,306318
"5-9 ans","Hommes",319903,319903
"0-4 ans","Femmes",278509,278509
"0-4 ans","Hommes",291311,291311