id;author;title;language
2419;Alexandre Dumas;La dame aux camélias;fr
13951;Alexandre Dumas;Les trois mousquetaires;fr
14287;Jules Verne;L'île mystérieuse;fr
19657;Victor Hugo;Notre-Dame de Paris;fr
30831;George Sand;Le Piccinino;fr
43901;Marquise de Marie de Rabutin-Chantal Sévigné;Lettres de Madame de Sévigné;fr
62215;Gaston Leroux;Le Fantôme de l'Opéra;fr
5097;Jules Verne;Vingt mille Lieues Sous Les Mers;fr
19248;Anatole France;Opinions sociales;fr
27044;Marie Lebert;Les mutations du livre;fr
35289;Robert Swain Peabody;Hospital Sketches;en
55;L. Frank Baum;The Wonderful Wizard of Oz;en
1837;Mark Twain;The Prince and the Pauper;en
84;Mary Wollstonecraft Shelley;Frankenstein - or, the modern Prometheus;en
768;Emily Brontë;Wuthering Heights;en
345;Bram Stoker;Dracula;en
42;Robert Louis Stevenson;The Strange Case of Dr. Jekyll and Mr. Hydes;en
2276;James Hogg;The Private Memoirs and Confessions of a Justified Sinner;en
19726;Marion Zimmer Bradley;The Door Through Space;en
30283;Barbara Constant;The Sound of Silence;en