R_min,R_max,R_mean,G_min,G_max,G_mean,B_min,B_max,B_mean
22.0,255.0,167.6401326255804,13.0,255.0,149.09105067394947,36.0,255.0,217.59245078417328
14.0,255.0,175.14977374604322,14.0,255.0,161.38773342397656,73.0,255.0,216.3032440356058
25.0,255.0,149.66617541519838,7.0,255.0,107.70498758650095,25.0,255.0,178.60271845093413
21.0,255.0,165.17478413826828,16.0,255.0,132.33637936193972,25.0,255.0,195.2290725426797
25.0,255.0,166.6530789161205,13.0,255.0,144.7690928252112,34.0,255.0,195.10152203527295
26.0,255.0,196.19039229131002,20.0,255.0,187.08983330230362,27.0,255.0,214.69762372910603
40.0,255.0,167.64446946960828,22.0,255.0,145.44402345461907,31.0,255.0,189.50685942206664
32.0,255.0,166.02368658934563,11.0,255.0,144.2727175228669,29.0,255.0,196.45363546757775
8.0,255.0,197.96613285046877,10.0,255.0,188.88750274354874,15.0,255.0,217.62019487034772
63.0,255.0,188.39843284543676,17.0,253.0,159.2397769445589,24.0,255.0,205.22106396577877
35.0,255.0,197.86138824214203,9.0,255.0,173.9609545983702,0.0,255.0,196.96342549476134
66.0,255.0,179.58649499284692,22.0,249.0,148.2509871244635,39.0,255.0,199.2248354792561
59.0,255.0,220.24329630799227,25.0,255.0,211.80267186577512,26.0,255.0,225.43126055496822
56.0,255.0,222.70914799948207,25.0,255.0,212.76489058655963,22.0,255.0,228.5466787517804
49.0,255.0,198.60078250212123,18.0,255.0,177.44040561449432,22.0,255.0,208.4299925872112
47.0,255.0,205.41383866238482,15.0,255.0,189.03538466908685,9.0,255.0,209.59988655403518
35.0,255.0,196.67564093559037,9.0,255.0,176.75882559527992,10.0,255.0,187.27544426494345
52.0,255.0,181.3262507446647,22.0,254.0,156.6238362788959,25.0,255.0,171.5282154913619
93.0,255.0,215.33999066058408,38.0,255.0,201.6034340313948,49.0,255.0,218.6245554797227
76.0,254.0,200.63623702535804,34.0,245.0,159.31296343527558,56.0,255.0,213.686243594797
92.0,254.0,194.57259405827025,44.0,252.0,150.94654737325075,75.0,255.0,226.46409727001605
88.0,251.0,221.30843226353898,64.0,246.0,199.2904305347386,85.0,255.0,229.11555206623368
85.0,254.0,183.54988303827852,30.0,237.0,127.20815582779599,57.0,255.0,198.15224765489006
105.0,249.0,186.76109625283985,52.0,240.0,135.45117763782244,80.0,255.0,192.87286112788658
34.0,253.0,143.392699470692,10.0,248.0,91.2278298372868,49.0,255.0,203.46451284061948
33.0,255.0,142.9038112219932,0.0,249.0,86.47204510743042,14.0,255.0,151.22702738771335
13.0,255.0,134.40200448014141,0.0,250.0,80.49681810162473,0.0,255.0,136.0571636819848
21.0,255.0,174.4936545673512,0.0,255.0,137.67924770836842,0.0,255.0,180.42161028847414
35.0,255.0,219.53788817222673,0.0,255.0,208.14164281747895,0.0,255.0,224.26552688906924
31.0,255.0,175.92974781472924,0.0,255.0,141.05410629960815,0.0,255.0,182.13852707726315
14.0,255.0,194.05948805948805,1.0,255.0,175.0812240812241,18.0,255.0,203.58229658229658
0.0,255.0,125.07389532075582,0.0,255.0,96.98874829852319,0.0,255.0,209.70224155847959
62.0,255.0,155.14604336317745,5.0,255.0,106.64862519345647,23.0,255.0,159.72088751319842
51.0,255.0,161.42928405014078,4.0,255.0,114.26682675128282,17.0,255.0,162.92992010062463
71.0,255.0,226.8747258163894,41.0,255.0,222.19879235982748,64.0,255.0,230.27014171287738
52.0,255.0,173.02393807000348,8.0,255.0,139.6102297456684,24.0,255.0,190.53687060816983
32.0,255.0,149.0862479687415,4.0,255.0,103.17497262249303,11.0,255.0,158.08641722782332
33.0,255.0,155.47582679331754,15.0,255.0,117.05985148600574,24.0,255.0,179.3854341230094
72.0,255.0,159.00235119752,21.0,255.0,114.90395655587069,34.0,255.0,170.78501932818864
54.0,255.0,199.49313192346426,23.0,255.0,185.14560590802282,32.0,255.0,222.4843638804968
36.0,255.0,214.92901446062376,8.0,255.0,200.1190860079609,9.0,255.0,211.62701919685594
22.0,255.0,195.82674354527626,0.0,255.0,167.92059954664697,4.0,255.0,194.63496398413497
27.0,255.0,219.31522934596603,17.0,255.0,208.1245493507905,28.0,255.0,222.63532612135376
52.0,255.0,179.88839445030567,9.0,255.0,146.9669175914339,24.0,255.0,196.6247399457373
59.0,255.0,214.83635864425395,23.0,255.0,203.40913389670214,51.0,255.0,229.9425241770646
35.0,255.0,213.67871885345286,16.0,255.0,199.85305947985776,20.0,255.0,224.60201047641104
59.0,255.0,169.33219886391223,14.0,253.0,134.2774967228237,45.0,255.0,203.9078215274069
44.0,255.0,159.48989245412184,2.0,255.0,119.28155378398074,25.0,255.0,177.24631318596383
42.0,255.0,217.6699320020812,15.0,255.0,207.16934890647147,31.0,255.0,223.73104042198182
18.0,255.0,178.96901629687807,8.0,255.0,153.5808560769684,31.0,255.0,197.00669546436285
18.0,255.0,168.0923560167391,2.0,255.0,132.03991088542554,13.0,255.0,177.46568386404007
29.0,255.0,150.82181319661095,0.0,255.0,106.83179907830181,12.0,255.0,168.79730656035127
49.0,255.0,196.1978633656336,9.0,255.0,168.59723722202773,11.0,255.0,199.24384842458593
55.0,255.0,203.1061393204219,9.0,255.0,176.87530388788028,12.0,255.0,202.29754942300565
82.0,255.0,197.48747559274756,26.0,255.0,174.3568479776848,16.0,255.0,212.52714086471408
37.0,255.0,203.1459654355705,2.0,255.0,175.04168003330852,1.0,255.0,198.57051273300615
72.0,255.0,195.31386438276772,22.0,255.0,173.3328396333741,11.0,255.0,212.91538412003348
53.0,255.0,226.936865267434,4.0,255.0,215.7185172647258,13.0,255.0,234.31884732566013
106.0,255.0,216.59948728649357,44.0,255.0,201.26339165946285,59.0,255.0,234.60941365844934
121.0,255.0,227.6263914360046,79.0,255.0,216.82488164797203,115.0,255.0,234.75510726318933
78.0,255.0,204.2253171684468,30.0,255.0,189.3504249441326,52.0,255.0,232.4157414087382
56.0,255.0,208.4362046035051,5.0,255.0,184.82917421584798,18.0,255.0,218.00899510050962
59.0,255.0,219.04595142561428,13.0,255.0,204.17220442075117,19.0,255.0,233.36334200564292
52.0,255.0,219.82624479735406,9.0,255.0,205.58612541840057,14.0,255.0,230.73156943374215
53.0,255.0,214.28065982305398,0.0,255.0,194.62418488111314,18.0,255.0,218.8757932097659
41.0,255.0,124.20182207931404,23.0,255.0,97.5486602357985,55.0,255.0,215.38272240085746
36.0,255.0,132.01643320298965,17.0,255.0,104.42384794337475,42.0,255.0,212.29050141068157
22.0,255.0,129.6855745974708,11.0,255.0,103.50186234538042,31.0,255.0,214.72510192799393
108.0,255.0,221.3187989683196,40.0,255.0,207.5665969146917,69.0,255.0,227.94588544454717
35.0,255.0,102.2952576020167,19.0,252.0,84.62776114699858,62.0,255.0,211.93751378604065
11.0,255.0,107.85108428169114,11.0,255.0,90.99630606860158,48.0,255.0,210.12335136767854
22.0,255.0,124.105149737633,17.0,255.0,98.60173365158822,84.0,255.0,215.58820459794552
15.0,255.0,114.45678981085256,15.0,255.0,97.60092505844918,58.0,255.0,210.61833742688577
22.0,255.0,132.08678622576898,18.0,255.0,107.21614987614319,60.0,255.0,215.69931173952105
48.0,255.0,189.93229318166345,24.0,255.0,164.37374906392537,36.0,255.0,219.9446772167175
56.0,255.0,236.15814148276544,24.0,255.0,232.64525773315805,33.0,255.0,236.1360849687649
27.0,255.0,181.89387110737658,18.0,255.0,148.33549767015506,22.0,255.0,214.3268912484404
44.0,255.0,198.27429901867163,13.0,255.0,168.7371563304321,25.0,255.0,211.877775504079
84.0,255.0,232.30124291602266,45.0,255.0,226.58558732612056,56.0,255.0,235.58224497681607
36.0,255.0,202.49596060845863,6.0,255.0,180.95746416952431,13.0,255.0,210.58372285236965
42.0,255.0,173.0268625146886,16.0,255.0,143.15898942420682,55.0,255.0,210.01922444183313
30.0,255.0,201.81558694202528,0.0,255.0,175.89123033958555,9.0,255.0,202.56062452055411
67.0,255.0,214.75372771193216,12.0,255.0,196.1186524625491,26.0,255.0,222.72752076743944
53.0,255.0,186.40518757998723,5.0,255.0,151.49257330620966,18.0,255.0,194.83298841132566
48.0,255.0,189.32336180835713,0.0,255.0,155.22170755343018,5.0,255.0,194.88973213815478
65.0,255.0,217.41614448949503,17.0,255.0,201.40072702314527,25.0,255.0,225.50515398401058
93.0,252.0,188.9253268731983,50.0,240.0,135.05510256858824,87.0,255.0,204.93130148395488
117.0,255.0,213.71030055110506,55.0,246.0,185.50252826543945,98.0,255.0,222.9292653826487
117.0,250.0,191.40539648846647,58.0,236.0,138.97863823731672,97.0,255.0,205.78210127558424
85.0,255.0,197.41129053828965,37.0,250.0,154.21504594562393,58.0,255.0,216.9011640206494
95.0,255.0,204.9814410113304,43.0,254.0,169.98786269038092,104.0,255.0,221.33930672763339
27.0,255.0,185.7768704721459,0.0,255.0,152.19709696893997,0.0,255.0,171.63200516279457
68.0,255.0,206.91254655523275,30.0,255.0,175.96921275261414,36.0,255.0,231.25173742208798
22.0,255.0,195.55099107277954,1.0,255.0,171.90847707671358,25.0,255.0,210.84765093054926
23.0,255.0,148.8279058545166,0.0,255.0,104.91553680671223,7.0,255.0,142.20083747139677
24.0,255.0,151.9724765911683,0.0,255.0,107.9550926102121,1.0,255.0,164.17763825850815
28.0,255.0,166.1299668517801,12.0,255.0,137.44961040079212,35.0,255.0,201.38688708080417
34.0,255.0,145.28541593441176,0.0,255.0,99.95272971006793,11.0,255.0,153.14862390570465
24.0,255.0,158.58265519646594,22.0,255.0,130.68821204371076,44.0,255.0,205.90234829109508
33.0,255.0,147.30474043979183,0.0,255.0,106.3248617309945,6.0,255.0,142.69662371554395
31.0,255.0,181.76862100372034,0.0,255.0,149.11322856687096,3.0,255.0,196.386367495639
108.0,255.0,235.07651991614256,65.0,255.0,230.90344747262986,122.0,255.0,240.4155019799674
57.0,255.0,163.20443239592177,20.0,255.0,132.20869501720566,43.0,255.0,229.25018939912556
0.0,255.0,187.88818763111942,0.0,255.0,156.4734911282956,0.0,255.0,216.69738326444983
69.0,252.0,161.31262057707391,23.0,251.0,116.13746316436642,40.0,255.0,168.69191630096037
50.0,255.0,157.9283212271561,13.0,255.0,110.8410895772085,20.0,255.0,165.17217598704138
37.0,255.0,176.58783081791432,4.0,255.0,145.82759796651573,0.0,255.0,172.0983828882773
57.0,255.0,140.00102880658437,20.0,255.0,100.37231968810916,65.0,255.0,186.1332575265324
66.0,255.0,168.22902422355097,21.0,255.0,125.3910068887421,43.0,255.0,190.43972565134214
65.0,255.0,182.09098450793897,14.0,255.0,146.05118360889782,34.0,255.0,178.19526170586306
63.0,255.0,188.3198345714389,12.0,255.0,155.8328557496659,17.0,255.0,192.8179262434232
51.0,255.0,114.98475451075642,20.0,255.0,89.45966342817488,88.0,255.0,217.40405968077724
45.0,255.0,150.4206701074541,14.0,255.0,119.70174859689202,56.0,255.0,219.24009081422568
57.0,255.0,138.2854589100567,34.0,255.0,108.28750191531743,100.0,255.0,220.0627713366362
38.0,255.0,167.7274214335283,24.0,255.0,148.24179637156737,55.0,255.0,218.0711311589174
37.0,255.0,189.0670852410361,8.0,255.0,160.16487757754038,22.0,255.0,209.95174006215356
54.0,255.0,179.3263107469015,9.0,253.0,146.54918868232224,32.0,255.0,209.75646200260925
41.0,255.0,204.34719945899815,6.0,255.0,185.7746839480142,19.0,255.0,227.02493717350154
49.0,255.0,176.8620916172538,3.0,253.0,140.14632019532613,30.0,255.0,184.71746889896522
6.0,227.0,149.4464457028156,10.0,229.0,139.37623056070765,50.0,255.0,187.17968523228754
36.0,255.0,191.2165649054931,13.0,255.0,145.6710444122033,20.0,255.0,175.15896405110223
56.0,255.0,193.03110949303723,11.0,255.0,147.64681896787113,9.0,255.0,174.04499863475016
27.0,255.0,185.38278558909556,14.0,255.0,128.7387436287689,16.0,255.0,178.55432617596202
78.0,255.0,223.0233300589391,30.0,255.0,205.33865422396858,41.0,255.0,217.67055500982318
117.0,255.0,225.21169391054428,73.0,255.0,206.1088557571403,90.0,255.0,222.5637686366086
56.0,255.0,152.804748678134,28.0,255.0,100.23867211030051,39.0,255.0,197.21272003212636
27.0,255.0,182.78070860935114,14.0,255.0,138.72232708561262,22.0,255.0,195.83829664450508
22.0,255.0,162.3959803828097,0.0,255.0,124.84368167012234,4.0,255.0,175.49246125332516
35.0,255.0,184.85606365953916,0.0,255.0,156.2035261724855,15.0,255.0,194.6293165170926
33.0,255.0,198.32659250356375,7.0,255.0,180.33831092601392,12.0,255.0,212.9610993096123
23.0,255.0,194.81806436601434,0.0,255.0,170.99089087005152,9.0,255.0,202.0227126143999
13.0,255.0,213.93053280662878,4.0,255.0,201.99141428739657,4.0,255.0,224.42360642750853
42.0,255.0,200.77156720443728,12.0,255.0,184.21222218579462,37.0,255.0,217.32471290917707
16.0,255.0,184.55534801684897,13.0,255.0,164.9438714306842,33.0,255.0,214.10290694171326
18.0,255.0,138.72646793134598,0.0,255.0,94.87317536423228,10.0,255.0,171.3836286567994
10.0,255.0,171.8903473151156,10.0,255.0,147.99263886234792,23.0,255.0,206.9461908401809
7.0,255.0,140.93850086844765,0.0,255.0,95.08814627172865,8.0,255.0,166.39829500211874
19.0,255.0,168.20363484518796,2.0,255.0,135.06064338912938,13.0,255.0,200.20588191157233
15.0,255.0,158.4790350861821,14.0,255.0,142.40110009617595,27.0,255.0,223.37105516252498
28.0,255.0,173.39550059776215,9.0,255.0,146.7780779943397,15.0,255.0,203.19528392901213
20.0,255.0,134.2652051932296,2.0,255.0,101.4673738131145,23.0,255.0,181.3960048191553
10.0,255.0,149.9323379401119,0.0,255.0,104.009304047384,0.0,255.0,149.9045820993748
30.0,255.0,149.51515114334887,0.0,255.0,104.42425766815053,17.0,255.0,167.69501066887665
26.0,255.0,186.9089003828175,4.0,255.0,162.1661995529647,16.0,255.0,202.46416001672648
27.0,255.0,164.64567106521747,0.0,255.0,124.50671600725336,5.0,255.0,158.77455118901213
42.0,255.0,168.40808523973675,2.0,255.0,133.93603885929176,12.0,255.0,197.4748354747728
21.0,255.0,184.37221532700843,4.0,255.0,158.73161958053726,17.0,255.0,194.9060416096935
37.0,255.0,160.70642601970323,1.0,255.0,115.08484736496902,15.0,255.0,168.57516888236333
13.0,255.0,163.8249902615887,0.0,255.0,127.59496599047134,0.0,255.0,160.66004254936627
39.0,255.0,178.6733175873374,13.0,255.0,143.58208481686466,33.0,255.0,194.48129869214227
34.0,255.0,216.98962084398693,6.0,255.0,201.6271312744586,5.0,255.0,221.5506396612272
60.0,255.0,188.89414144886908,11.0,255.0,152.8239525550582,16.0,255.0,193.52168278798538
46.0,255.0,188.47378056754283,28.0,255.0,166.38825683274487,68.0,255.0,216.98522296325356
49.0,255.0,188.35815922815297,13.0,255.0,164.2612618865829,29.0,255.0,212.42874991323663
45.0,255.0,181.35046683331103,4.0,255.0,144.86936625704953,19.0,255.0,190.4273378744524
99.0,255.0,224.53300523620132,57.0,255.0,210.16807347849723,94.0,255.0,224.77292626398466
9.0,255.0,179.15093434820093,5.0,255.0,144.3396405450492,3.0,255.0,194.8460914503186
38.0,255.0,149.3527343036356,2.0,241.0,102.57931213783476,14.0,255.0,159.0350582977707
15.0,255.0,144.50664811379096,7.0,255.0,112.40358302411875,20.0,255.0,191.56628787878788
3.0,255.0,155.11703253107643,8.0,242.0,119.76453319227717,28.0,255.0,199.28476593493784
25.0,247.0,125.0248378489772,9.0,230.0,83.96739625588407,13.0,255.0,168.8930996333977
7.0,255.0,109.20108712248451,0.0,252.0,67.84243849309351,8.0,255.0,158.8688327683961
12.0,255.0,134.95239301582353,0.0,250.0,86.22608932886429,10.0,255.0,154.87086548704758
42.0,255.0,164.4868825821971,9.0,255.0,124.14728110652372,16.0,255.0,188.3351114272167
24.0,255.0,132.36129848547796,15.0,255.0,101.15748763077389,38.0,255.0,195.88820863390868
32.0,255.0,176.25310966145068,0.0,255.0,142.9412022276293,8.0,255.0,186.05326540672064
41.0,255.0,197.36549315559353,7.0,255.0,170.92114591026316,6.0,255.0,201.5626746429755
32.0,255.0,193.312127920071,0.0,255.0,166.78875858173743,0.0,255.0,190.99627788516523
48.0,255.0,223.02134358532462,10.0,255.0,212.02851335078824,28.0,255.0,228.99598979219832
53.0,255.0,214.8801239149512,13.0,255.0,199.05309734513276,14.0,255.0,223.69055095632316
16.0,255.0,159.60877356345486,4.0,255.0,129.5416156869539,0.0,255.0,168.64631267797785
45.0,255.0,175.66712968809193,19.0,255.0,158.378898850865,31.0,255.0,205.2464957696679
51.0,255.0,159.48832668948987,11.0,255.0,125.66367229772757,31.0,255.0,187.18120418932017
55.0,255.0,183.70413724286152,18.0,255.0,154.13037304267732,36.0,255.0,214.43941894381334
43.0,255.0,167.31826701103975,12.0,255.0,131.23685172910334,30.0,255.0,178.64112820278393
45.0,255.0,187.15206552019197,14.0,255.0,157.5613286753778,28.0,255.0,201.17633321109417
72.0,255.0,206.1057841534649,25.0,255.0,185.11389955536197,42.0,255.0,219.67836379825067
68.0,255.0,226.20241854215652,43.0,255.0,218.02646960026874,87.0,255.0,233.99213973799127
98.0,255.0,236.02166021608727,43.0,255.0,232.21057208486732,24.0,255.0,238.94170735823744
28.0,255.0,164.81832127396174,0.0,255.0,129.2915164051026,3.0,255.0,189.2176992103098
44.0,253.0,186.03934863854778,15.0,255.0,159.40448478376936,29.0,255.0,217.06059797116924
35.0,255.0,172.81346643299278,11.0,255.0,141.8337712151966,24.0,255.0,219.87112926293136
15.0,255.0,161.97570492420766,10.0,255.0,137.46785043389238,63.0,255.0,224.51826597578702
55.0,255.0,148.87180701233459,0.0,255.0,68.293332655658,48.0,255.0,174.98808718114708
8.0,253.0,63.76181040659144,0.0,250.0,23.689358319899696,99.0,255.0,197.0212363424682
56.0,255.0,169.69242491873052,0.0,255.0,94.72821955607256,34.0,255.0,188.38867096797463
45.0,255.0,172.405338709751,18.0,251.0,128.8659894448271,34.0,255.0,196.98545356681825
56.0,255.0,224.6616028688457,21.0,255.0,215.18166340412233,52.0,255.0,232.82272869339212
39.0,255.0,171.82610860333332,6.0,254.0,125.7724495164097,24.0,255.0,194.98748441069674
52.0,255.0,198.47339734448775,15.0,255.0,173.46457996640999,27.0,255.0,218.20362360173655
46.0,255.0,191.2421026211051,33.0,254.0,169.03205564918068,102.0,255.0,226.6368102119115
40.0,255.0,207.84782317375985,29.0,255.0,191.02390843377293,66.0,255.0,225.2528397669854
41.0,255.0,218.22448948619902,24.0,255.0,206.09292902190296,37.0,255.0,221.38793767539948
26.0,255.0,203.79302895150687,7.0,255.0,187.410539070355,19.0,255.0,217.4465724818892
32.0,255.0,202.7680765026233,8.0,255.0,182.1933678233103,15.0,255.0,205.97592878716893
55.0,255.0,156.3804292929293,20.0,255.0,124.54159090909091,41.0,255.0,206.1910606060606
42.0,255.0,225.95289414733918,25.0,255.0,218.07651101634985,38.0,255.0,231.8014092797344
20.0,255.0,191.91601437092876,9.0,255.0,172.4317331869446,19.0,255.0,211.66521666674836
53.0,255.0,190.93914820103024,9.0,255.0,158.34768906734402,22.0,255.0,190.75851759527322
83.0,255.0,180.07803550038113,25.0,252.0,144.9234890558641,65.0,255.0,220.278609023921
45.0,255.0,181.41401504999703,13.0,255.0,142.82993279557718,27.0,255.0,199.67841460861004
83.0,255.0,222.6866118519542,31.0,255.0,209.21795757617633,62.0,255.0,228.71735875998988
33.0,255.0,200.75413327355264,7.0,255.0,183.36882998001084,18.0,255.0,222.56585215490668
25.0,255.0,215.0915144014504,9.0,255.0,205.33042275004453,23.0,255.0,224.81394796571234
19.0,251.0,149.91569742404403,1.0,255.0,111.50735698654456,14.0,255.0,165.32349296467837
40.0,255.0,180.02763486743785,19.0,255.0,148.68504645557627,38.0,255.0,199.07965493777306
0.0,255.0,145.13986869618415,1.0,255.0,122.10720710026754,13.0,255.0,213.90524530438196
20.0,255.0,163.98525336174293,18.0,255.0,142.04800345601453,63.0,255.0,221.2246555883828
6.0,255.0,175.83704316375645,17.0,255.0,140.22473169816328,16.0,255.0,193.72376773588988
